Periodo,PIB_Pesca,PIB_Agropecuario_silvicola,PIB_Mineria,PIB_Mineria_del_cobre,PIB_Otras_actividades_mineras,PIB_Industria_Manufacturera,PIB_Alimentos,PIB_Bebidas_y_tabaco,PIB_Textil,PIB_Maderas_y_muebles,PIB_Celulosa,PIB_Refinacion_de_petroleo,PIB_Quimica,PIB_Minerales_no_metalicos_y_metalica_basica,PIB_Productos_metalicos,PIB_Electricidad,PIB_Construccion,PIB_Comercio,PIB_Restaurantes_y_hoteles,PIB_Transporte,PIB_Comunicaciones,PIB_Servicios_financieros,PIB_Servicios_empresariales,PIB_Servicios_de_vivienda,PIB_Servicios_personales,PIB_Administracion_publica,PIB_a_costo_de_factores,Impuesto_al_valor_agregado,Derechos_de_Importacion,PIB
2013-03-01 00:00:00+00:00,57.062412171604,579.84681897655,1234.9134313469,1103.5625420671,131.35088927981,1306.482853589,367.81843630145,162.69280701648,33.030546698819,64.336610882649,97.494818168027,103.46951924968,184.46007326426,80.770983655819,212.40905835184,301.31493412932,710.24281789595,1154.8906423725,202.83866926508,546.69488901783,337.91526320369,569.18370025198,1139.3886023726,793.47151941551,1401.0391278763,512.99401535373,10848.279697238,896.68802318321,65.99360092187,11810.961321343
2013-04-01 00:00:00+00:00,60.65046649479,374.89570637647,1170.273599316,1035.8805980114,134.39300130459,1334.4273468343,382.11343972548,188.18956210911,38.034536223552,68.410683623199,94.59969652614,82.453038554989,172.63898092581,83.195907366659,224.79150177941,280.43829370394,749.05583651482,1106.5889327051,209.31071291704,544.30681770946,348.80101548867,565.07146630158,1212.2949064474,804.55108031599,1446.853334033,511.80399496793,10719.323510126,901.75556262887,59.890634042692,11680.969706798
2013-05-01 00:00:00+00:00,54.557316818386,311.35612730157,1213.1787426339,1077.8440879835,135.33465465046,1346.684976777,373.4501498325,184.11556503925,34.285081060629,68.692522685836,104.68534539703,101.62922509244,173.78591850689,77.842678212028,228.1984909504,274.89981680863,747.9583402603,1047.8045049327,206.48156315537,536.681480723,355.7118137631,571.39403623737,1257.9213698906,805.30743356307,1478.5970623535,512.46935890325,10721.003944122,913.85043211766,43.600464527617,11678.454840767
2013-06-01 00:00:00+00:00,41.866811885607,246.59208212836,1292.2765610561,1154.0493236719,138.22723738425,1276.1338382809,323.85781479858,172.24192983023,29.063723757763,66.722183269099,102.09189445448,100.27960703227,187.9208769485,71.663452330447,222.29235585958,270.14126645146,719.95705567067,979.88872267951,208.02123535787,526.58916310622,353.45298818929,573.27147931343,1255.6587605379,811.36682845173,1469.0340708373,514.73661134472,10538.987475291,883.85581434567,47.426100345012,11470.269389982
2013-07-01 00:00:00+00:00,56.589761793595,201.15643336118,1236.7744141684,1091.5864023895,145.18801177891,1288.4058912454,327.20658205346,163.57293445122,27.740541425562,69.216709672358,106.93519020509,102.10899282339,179.84933146216,76.362268803925,235.4133403482,293.37990467212,741.59559480641,967.64572674231,212.82723722165,536.44643194949,353.02866713888,574.97136408835,1240.3854828454,813.08605221007,1085.0683547991,515.37553904118,10116.736856083,912.66241702287,54.655771151517,11084.055044258
2013-08-01 00:00:00+00:00,38.320583260336,164.4424528831,1295.9583688275,1156.3238535421,139.63451528533,1271.7903920842,319.60728348782,164.91130495185,27.978934268303,67.835147413654,105.71582425581,96.881091758211,193.95285086138,74.148118763109,220.75983632412,291.41289795231,750.05117810689,980.92637262494,211.26801266729,540.38811158426,352.17213529244,578.99227070763,1196.3200499287,814.44520752694,1428.5682937663,517.0752899963,10432.131617209,919.93511351552,58.222724504108,11410.289455229
2013-09-01 00:00:00+00:00,38.894817995808,160.47731431514,1303.5051405982,1164.2653085647,139.2398320335,1154.3762943867,269.03760972487,161.88930997174,26.308946054654,58.715795111445,97.484077647032,101.44691208165,175.55226073593,64.379263497643,199.5621195618,295.92800946728,677.31965820865,915.09187959488,214.94894179031,522.53462454138,350.53687608329,575.22316060074,1190.3399606213,816.73440661167,1242.7998929912,519.68539967719,9978.396377484,889.83451838527,56.756268095047,10924.987163964
2013-10-01 00:00:00+00:00,72.98802534294,221.53772733286,1348.1606087935,1191.4387034581,156.72190533542,1312.6238710509,332.15666092262,163.38608194645,35.167067439015,69.779658292566,100.74516413114,86.778539508753,206.59373551726,85.622710232162,232.39425306099,309.78165460518,776.74264102394,1020.052051152,215.30433118001,564.50761306068,376.13945274153,573.61970614933,1213.3236828466,812.60846081658,1471.1347575416,520.01332143055,10808.537905068,937.53789492906,57.038946594116,11803.114746591
2013-11-01 00:00:00+00:00,67.19174716841,258.440295722,1373.0961257706,1219.6978786325,153.39824713811,1282.5279113834,324.69902671346,162.58696783361,31.638907933705,67.644476312273,102.83697557007,81.95673750141,202.89693180239,76.997862030426,231.27002568605,303.56166508614,844.73550198934,1033.2203305698,228.18003177542,560.48980776709,396.58018891306,576.60317467032,1346.9425356046,852.67722394529,1483.4866657836,521.34357775628,11129.076783905,969.5538761332,51.729014730333,12150.359674769
2013-12-01 00:00:00+00:00,54.944436370638,334.61937920455,1392.7568406266,1253.9625899838,138.79425064279,1305.6692805744,311.29000481673,178.77790285716,32.748102726983,68.732600609177,109.43100342103,107.28843883776,190.0591860278,65.972593327681,241.3694479501,317.12993416601,1033.3188768902,1278.7117413047,228.28806169353,568.0756615142,393.40926987551,593.59675984714,1329.9304844434,860.07329446621,1086.4055546588,525.29234853288,11302.221924169,1132.5155341172,48.580725266301,12483.318183552
2014-01-01 00:00:00+00:00,44.909709819138,550.59326012397,1234.0881114744,1108.9224351339,125.16567634051,1259.1525641803,323.82918104182,160.13167239794,27.160880240185,61.314900744113,111.18668359688,107.17654730529,197.0041938743,67.953589976842,203.39491500298,309.2901330708,635.81226764413,1076.8256005328,220.17099638976,539.10872670177,364.94881715181,603.42679708488,1266.7231145408,857.85201981978,787.09952140931,522.48007743945,10272.481717383,886.47192594277,56.281565588043,11215.235208914
2014-02-01 00:00:00+00:00,53.062815270866,589.16236563346,1189.7909877576,1076.8612505719,112.92973718572,1173.2445420745,326.84828662791,151.00258167185,24.777101043721,58.489290987186,98.52635194432,98.774602305091,169.05001141977,63.772180601712,182.004135473,276.72591412968,621.41920149313,1065.6785940947,215.19997012438,530.52528543239,329.4248742002,602.9697626889,1164.6293132638,829.46538448015,690.06050436861,523.18409195858,9854.5436069712,841.55529675867,53.683868332319,10749.782772062
2014-03-01 00:00:00+00:00,107.00780404971,533.63657990753,1278.1988319079,1154.0062485153,124.19258339253,1343.142654398,397.25013629609,156.58152686799,29.143677353207,66.304383849886,102.25182826335,115.53693742286,197.40822946176,75.735759680451,202.93017520241,290.91161318609,710.05984490197,1224.2504304668,211.26532328596,561.81596140183,344.6210560855,595.79393150886,1179.3268451994,825.4059992439,1426.0004561743,525.20845857797,11156.645790296,945.24919960917,64.062758670265,12165.957748575
2014-04-01 00:00:00+00:00,93.516914455905,325.10838937115,1230.3338159119,1104.6603071358,125.67350877608,1326.9944466189,371.72774653033,167.40715560966,31.268820362322,67.591263876875,98.427662634693,100.93298891292,200.68789901657,73.571067238755,215.37984243674,282.37495738652,742.67194498488,1111.2310339356,218.15036658082,548.23551594016,354.96993619624,587.09515751914,1242.4550773934,829.51990595755,1478.779308945,523.39923652483,10894.836007722,907.36605276441,47.50308128667,11849.705141773
2014-05-01 00:00:00+00:00,75.466435716183,267.62647371864,1345.1593683928,1215.4244017802,129.73496661262,1316.1809375428,366.22140570789,166.44623813394,31.115830576989,70.01941768505,104.64234702083,108.89514474129,190.20476565409,73.216808985407,205.41897903729,301.02074242982,727.23388447187,1075.5958314397,211.94906250144,548.56122985903,360.45036484368,590.77053038421,1249.9337884118,831.26687618602,1507.0351478306,523.91317046167,10932.16384419,928.42601330093,47.703622416843,11908.293479908
2014-06-01 00:00:00+00:00,73.559657669976,217.38944297482,1302.7159109434,1171.4261420466,131.28976889682,1234.6357333579,336.0678289441,156.71585579127,27.46523802085,66.234114001745,100.95729608731,95.211725482094,188.68005387377,66.590005362799,196.713615794,295.14107474567,697.45532933383,988.65710028752,212.90661462896,537.6326247946,362.48810724328,587.68184442038,1249.3170564416,838.62048800637,1508.5726285955,526.23201458591,10633.00562803,906.13361404185,43.258410648253,11582.39765272
2014-07-01 00:00:00+00:00,70.196980357384,183.62026787304,1254.9943255059,1123.5859572429,131.40836826302,1251.8572906687,334.27566193646,147.48729376605,26.223996463243,72.386711644539,103.33205822957,106.29232692493,187.16475972819,70.123717819114,204.57076415665,288.5598756135,712.93586427716,985.29389322855,216.17032277769,552.75965349778,359.11600176077,588.43983637971,1220.4714991559,849.01425390575,1121.9673892885,526.29923926891,10181.696693559,905.52397877917,43.464149880967,11130.684822219
2014-08-01 00:00:00+00:00,50.315422615915,149.71322462313,1249.6085401368,1101.6869380818,147.92160205499,1213.2131425056,307.04975198168,152.75810974705,24.90115901532,68.761713320036,99.219664589752,97.445154380184,190.11104835462,72.779882341803,200.18665877517,319.27985289515,711.58477730666,984.67664160371,219.13891088826,557.53211872634,361.14005665397,587.42987097971,1210.3742084655,850.83460936718,1477.1487910666,528.94730662038,10470.937474455,917.87296385497,46.482600146238,11435.293038456
2014-09-01 00:00:00+00:00,46.584961016592,162.45195946527,1286.7115214693,1140.6887513569,146.0227701124,1188.1441300688,284.36278204042,155.09871646224,25.51518302157,64.07886999261,99.634496031419,106.35671817768,193.15715638757,65.022129987612,194.91807796771,311.37692339023,659.12270860238,961.9108877768,224.2624507411,549.50016775989,366.28732628389,584.20804307914,1206.0605346785,856.19911267381,1289.184449875,533.72464931348,10225.729826194,912.82325072696,57.606810554052,11196.159887475
2014-10-01 00:00:00+00:00,65.899036413791,246.06340212028,1366.3073361455,1201.7921486607,164.51518748483,1321.4310228983,340.17860309308,166.09428271749,32.254892687188,76.562909757647,102.93154131555,93.199049247513,216.5435828144,74.923532666562,218.74262859886,333.0382584839,775.06287836027,1008.2438193243,225.51555284901,590.50163696878,388.09825455084,582.85996067987,1203.3406986053,858.53861658996,1523.8214072066,537.09052128273,11025.812402479,942.64870346391,52.819242310996,12021.280348254
2014-11-01 00:00:00+00:00,59.633439487179,284.82153481972,1319.7206779742,1157.83932651,161.88135146419,1264.4046672645,325.79168287463,165.75499374025,30.20587580402,74.450603454183,99.377227032668,78.468700796297,201.90859140399,75.801117527865,212.64587463061,333.25660639497,839.79689495038,1018.2050913597,237.90819010669,587.75287009625,415.55239038612,595.70636912738,1337.8863200372,888.68490130925,1525.5837587836,539.93112630586,11248.844838403,969.52948822825,53.285013150654,12271.659339782
2014-12-01 00:00:00+00:00,42.010371334881,378.96685195959,1433.4763940147,1278.3416453983,155.13474861639,1324.5021837364,323.58101509437,184.34343850815,33.839909729034,75.692756312949,106.13881394949,93.205399244214,197.92301181453,69.694853126652,240.08298595701,339.18152370168,994.83871733865,1335.2341693656,235.48340809912,596.47648954219,411.63077443209,614.97017878449,1297.6570669613,902.50281033454,1109.6625702886,545.40444310865,11561.997953002,1173.3566467405,50.325684346287,12785.680284089
2015-01-01 00:00:00+00:00,42.008221968424,594.87887368801,1325.59123002,1194.8367108872,128.56982607243,1243.297515173,323.29051424446,163.03544957436,27.353985399956,67.047655115202,107.79881068845,109.52792088211,185.21941771609,65.371481172546,191.42372106667,321.88767983943,610.32948156863,1119.9560656208,227.59879482804,576.2572515615,387.25133290678,621.59365423223,1246.8972079611,894.54478738437,801.59206614622,540.63284626663,10575.63953726,885.0459812507,58.526930047954,11519.76723358
2015-02-01 00:00:00+00:00,50.557713926107,650.35752989064,1170.0868923317,1050.791405177,118.14183677391,1171.3378991386,320.7427001132,160.38305698173,27.42168550572,62.824284960617,99.744731395616,84.018571742009,169.07360025027,63.212946770139,181.65843385138,284.35920621425,620.08681917228,1090.1748259726,221.0398216388,550.67412901106,351.19119277959,616.26474949287,1126.4781175134,873.56922704005,702.36377657586,541.06907116058,10053.675056038,864.99073612083,52.517718444632,10971.530431031
2015-03-01 00:00:00+00:00,80.639242064648,596.76525370411,1254.7378883872,1129.0330679782,124.02414427204,1314.5571724532,364.35058796856,171.30858878571,31.155123795828,69.778296702912,108.07034010139,93.301189419501,197.71470050766,71.670513140273,206.3112111607,297.407210712,741.47381736815,1259.7235418264,219.82364728673,589.75713513629,373.94502630993,616.48109361706,1159.6569538671,855.83988452611,1462.7655334113,542.31306098661,11400.026062936,960.2360750742,59.135927179964,12419.634702456
2015-04-01 00:00:00+00:00,90.762949605514,384.76065560993,1234.2185571574,1109.6547733251,123.09324855822,1324.5978261756,363.18844632034,197.39831756853,33.784663548137,69.001392459225,100.88140828025,95.277212442149,191.68450298689,70.079943405807,201.63643902221,276.35187055079,780.90669176031,1139.8398558102,224.50641258805,575.59485727105,377.58740131621,613.721421793,1229.8515407564,862.50172772034,1524.7943617278,539.24584832609,11192.879434418,937.72456322118,52.515887520407,12182.768299843
2015-05-01 00:00:00+00:00,75.868656123422,295.59265163188,1327.9707683958,1194.9845948786,131.19633766887,1300.2016704916,337.2458733418,204.00227275967,32.852546313526,69.97986604578,93.750170339738,101.63481096766,192.21075631861,68.029023003703,199.72201077682,280.81150024229,757.16493443137,1060.4353899608,221.48124494332,573.40176015955,378.09733264069,616.66935607431,1257.1538854308,865.22687994378,1562.4716044,540.44564967639,11109.662234553,932.13777784297,45.883692518055,12086.717126308
2015-06-01 00:00:00+00:00,57.215565614604,251.26721739045,1340.2868789371,1209.1876251076,128.6697131735,1286.4531659934,318.59082074386,201.29052796957,29.800821620423,68.57396538174,100.9788816365,100.36250483422,187.66598798428,65.406432622271,213.814806704,297.90953327795,724.444548465,1022.0486721186,223.92395575714,568.36339207114,376.31549141611,609.3517885275,1245.8309123928,873.03003953555,1524.6740888548,545.10978623658,10933.026243817,931.5517963423,47.506430516892,11911.448557497
2015-07-01 00:00:00+00:00,54.591303066037,209.51643961575,1203.8242458871,1076.544520743,127.0003385759,1265.7883576089,316.78575649482,180.48319444698,28.033845099789,69.649140244792,103.00384298282,102.36924305674,183.86474067517,67.624628158774,213.26980904142,309.87172942029,752.45287495919,1014.6151010275,226.03089995138,578.24644515782,377.85089149031,613.99658517417,1237.4131177125,875.40675307764,1157.5567045693,548.59129648933,10410.494034454,938.16406842754,54.8488610675,11404.150603957
2015-08-01 00:00:00+00:00,54.138898689321,167.90654583061,1143.248616277,1009.923132333,135.54643629486,1212.2899844152,300.54379966989,172.18676698147,25.499035550133,66.312642274376,95.788506724916,90.108323190371,187.28780407355,68.265654425602,208.95994697872,334.16207780838,775.02440244369,989.9212742591,228.10708898625,582.45601849211,381.87808294272,610.88893042055,1226.5295112291,878.28918635774,1530.0848250735,553.32383289435,10642.056237335,949.00869509331,47.983069262653,11638.839779713
2015-09-01 00:00:00+00:00,44.494096849655,176.7652619804,1263.8759593506,1125.4555330626,139.08393413014,1212.9829947287,295.0296509645,172.58927453218,26.772109891454,66.912370174356,98.946317889027,90.838964546179,191.29912840655,69.289686750506,204.24407072771,330.48464760851,706.64128005004,982.85445413471,231.06140301,585.2748526943,386.65143741664,610.6216440216,1225.8614014323,877.8620384986,1329.0113499194,559.09944364349,10496.189951252,948.72247656613,47.620207551631,11492.427969115
2015-10-01 00:00:00+00:00,56.091830703494,249.96027640908,1344.1468794216,1190.3795135241,155.78213912916,1282.9607165366,331.90273074453,170.80072088909,30.349430904055,70.250898823338,99.024213951717,89.289278391517,197.40334646914,79.807031047849,217.51051450104,345.71975216565,805.08063543736,1009.4496627017,233.02779430602,621.64457655299,409.88479527219,609.85228731604,1231.5751783413,879.09333943561,1564.1285225622,562.69182292263,11186.685097524,963.43867143675,62.378063914928,12213.288184149
2015-11-01 00:00:00+00:00,57.127856679215,289.35689016671,1304.9198438806,1152.5361380529,154.95949887389,1290.5392107181,332.45705372126,173.96660012518,31.865206174528,70.295481525416,95.656840536279,96.75492882285,192.73420386404,80.581006421173,218.63097345655,358.71155728687,872.07619712212,1049.6631016424,246.38939035473,628.19433952067,442.0183995601,615.93123753617,1356.3753715365,904.48122949903,1567.6479938769,564.0455176809,11530.728246564,1007.5295029665,47.380668224684,12584.835064949
2015-12-01 00:00:00+00:00,41.388626664725,391.88656665412,1434.0342191348,1274.7022878559,160.53920925194,1341.7806988086,325.45593600736,189.21298648521,34.623848946671,70.825838670525,111.35825744691,109.79914785315,183.21578084868,76.454411924512,240.91030083204,369.34354054526,1065.6686083078,1332.04507282,244.76975389015,628.69238145653,435.00353649167,640.85096935148,1309.3572906694,911.95591507388,1154.8350287471,567.57628635404,11868.245705701,1192.5128110753,57.509088624727,13119.186363903
2016-01-01 00:00:00+00:00,46.337309031345,631.7464206428,1247.7529159155,1127.2846964614,118.1335325572,1233.5815306796,326.62543488526,171.3280138726,27.828376061924,62.65937856647,105.80361171973,100.57660111472,173.73991334082,70.371622268707,189.80329786872,338.39692252836,651.59127840114,1117.3527085394,238.61671858254,601.28273922309,407.81264534846,654.82328138617,1238.5003311577,894.60842657319,849.68171484614,561.51399743509,10740.560065703,900.54247644857,46.441668041664,11686.211765592
2016-02-01 00:00:00+00:00,50.720543159674,704.61447348291,1210.9475696327,1089.6370565594,119.83339318875,1226.2528967947,341.21474224433,170.14095874698,26.279053563962,64.692171580531,90.619661740955,97.517224838192,173.54035813673,73.840418837126,184.86939235003,315.90311932826,664.93028773852,1137.9734166495,227.83752581952,584.77779570198,370.76029029955,657.21206578314,1139.0890826527,879.74442581207,747.71418349183,560.81603390467,10517.730799692,906.3794487517,46.228886911224,11469.70459883
2016-03-01 00:00:00+00:00,65.801993088487,640.38084031248,1311.0628802523,1180.0984711718,129.29779995684,1329.907223782,360.73028441249,173.12521919099,30.464601247712,73.985505936214,105.97925117149,100.78390981281,200.21344877462,77.400695328219,206.29211115251,323.12744738826,750.30732515922,1274.0248819364,226.0516494354,613.10197877265,381.25257701191,650.66586576608,1156.4407529911,875.58255572999,1558.63586905,562.79304289653,11749.760060974,985.93193142826,54.163124094162,12788.63092531
2016-04-01 00:00:00+00:00,62.847289911208,379.17765571568,1169.1453398411,1042.5886908549,126.82315255793,1264.7883834396,339.76011505908,176.67274263389,33.69721524134,71.217229986239,90.674749378307,89.168800123525,187.27671419759,77.05912571433,202.80240619395,303.99277529915,786.66518026812,1149.1469885101,228.42086646944,590.61759058365,389.67416961315,640.52030114127,1227.4598713312,885.00714569605,1612.7290794537,561.03483440437,11271.897041275,959.14050176801,41.160681922312,12270.673868854
2016-05-01 00:00:00+00:00,76.659308668252,286.14984470266,1315.0638622919,1180.7935142887,133.12010243392,1286.4377971294,334.39829325094,175.24418590001,33.214482895381,71.978648072328,97.851199350821,103.75980905936,182.71948233008,79.813935851417,207.30946196742,310.23291488289,779.52024332042,1087.7804829475,223.61026085651,601.73436042426,393.90973492383,639.82392964044,1239.1659804861,879.2661303354,1661.1204295943,562.58141920368,11324.5469303,964.9883320942,43.789136929779,12331.982787607
2016-06-01 00:00:00+00:00,75.684043163709,230.16722839686,1233.0803288526,1101.5751360473,131.43240750254,1251.3899207044,329.36305103127,162.11714488493,28.82465396409,69.302018182133,97.084395235176,106.09242045967,181.20583775059,72.231391685272,202.64539475386,307.33707881061,760.1053970787,1024.6371965234,225.25271869112,583.60904286407,394.71948589241,636.28594841432,1241.7148680319,883.10358041461,1657.0503043044,566.4196015368,11055.567229715,947.66670672031,54.369174808319,12057.175486636
2016-07-01 00:00:00+00:00,59.418623089105,191.92520336736,1205.8304161453,1072.099159087,134.58091094791,1180.8570627933,305.56798380276,145.13482762408,28.257775271238,68.201383156265,100.36332915217,88.684348176105,177.28787433161,73.566701313022,195.60579806925,314.76011177356,789.57765831933,1001.6991013836,228.33214642248,599.07403574417,390.01741437212,633.20575959506,1221.3564559186,881.58135753352,1237.0799361791,568.42924954702,10488.199628665,948.38246261269,50.86276152861,11488.246333628
2016-08-01 00:00:00+00:00,43.386663370943,167.00764147084,1206.9250802492,1070.2373576322,138.04682063621,1249.1088882459,315.64524158507,150.99862046134,27.970466021497,70.906014646633,100.42821225639,105.1655101052,193.07238515299,77.547122986273,208.96126712518,328.73960554353,806.25828939932,1012.0920630217,234.74371862148,616.31403491612,395.83458091915,630.95820624751,1208.6617281261,886.31500691274,1627.8032322162,571.62991357736,10984.084862061,966.21219764159,56.394993294942,12007.04492326
2016-09-01 00:00:00+00:00,34.258072309168,178.79761472879,1224.3713301902,1085.1499023248,140.7002655331,1205.1357731535,296.78840343186,152.56528568577,29.227465589815,69.059950961866,98.786741951536,95.022610194877,189.74125551284,72.492183335148,205.28852204783,311.47494504129,734.7341129646,1007.1692700473,237.8294799761,604.99891108898,397.56744959118,629.65778657055,1188.7847843615,885.51451969284,1413.0949052823,575.84635447291,10616.999731103,967.77114746664,66.28085775362,11653.001679303
2016-10-01 00:00:00+00:00,47.957680936794,264.96756022587,1237.7985801807,1085.4501517645,155.92481699871,1232.541354392,314.59597425417,157.16189835864,32.555649320763,74.196500585858,96.404945398405,92.017555153443,188.94641722928,76.905774262752,203.82849596833,324.27135620669,834.42263627626,1004.995037901,242.68555370278,638.4042873108,415.81984754104,625.97963912727,1199.6189266302,887.66779272578,1630.8840618982,577.16662194605,11165.734821221,974.24556936747,69.809601297753,12210.74187887
2016-11-01 00:00:00+00:00,55.689498026774,319.87312516024,1306.2940414193,1155.9078761216,152.29578031474,1288.4141553747,333.00817983795,166.81818777964,34.579692808474,74.691761801804,101.75827662461,82.147607051179,203.61292369646,76.693649017823,223.90598042982,338.16721832194,898.20521230353,1087.1041837947,254.08956917047,643.02836542225,460.79536687878,627.71205181818,1323.1606343102,916.83375107803,1616.738490434,577.22102643324,11712.275018952,1034.4688886759,60.006776478662,12807.22552593
2016-12-01 00:00:00+00:00,43.710595900212,418.91021844593,1354.2265574636,1204.8348274338,150.20290582829,1336.4016743095,336.07199543836,175.33511289091,36.80826079679,76.630848850017,107.26260244765,101.41831936739,191.37835747446,73.066391908771,241.32953504762,353.72107263467,1071.4062616212,1360.80622923,252.92617400763,649.98425938512,453.70906083795,642.91487183191,1285.1776370561,923.95769026448,1209.6843820336,577.78756521261,11953.549251471,1217.8003472333,54.606139774964,13230.130720497
2017-01-01 00:00:00+00:00,42.037551550307,622.78911149997,1188.7850384768,1076.3428117989,114.57056236271,1246.1190542679,331.31995711932,165.52304752244,30.350134985178,68.090930181429,101.21592373112,111.33573606645,172.68279860895,66.219254191637,192.32277874294,351.8173351996,667.7667988378,1150.8724640367,241.54700219177,610.56120597369,420.79241451979,645.78785189379,1193.1834651082,916.83464434858,881.79169832988,568.30085418765,10798.153706647,932.42927935281,65.857055116386,11795.541900398
2017-02-01 00:00:00+00:00,71.535514064599,678.87588320087,1003.3669745841,894.09809226103,109.43676063737,1175.4827142955,323.87615088234,159.45922030217,28.436547782203,65.678007691371,92.801918400573,95.332919803857,157.79966816733,66.392761398469,178.759628239,316.91984846224,656.31044460226,1118.7399954769,234.62987015949,570.74721488337,375.94986744979,641.87771539385,1105.0411266425,899.72270200372,772.82745679313,566.75010225806,10281.251459231,915.4264144494,46.463983212204,11243.5842196
2017-03-01 00:00:00+00:00,125.72342551585,609.56746449238,1023.5142800281,898.64096304972,123.52425109948,1345.6556218257,398.77327453376,164.35093897289,33.993602629421,73.733649866216,96.284949211851,96.330763206782,189.19073106604,74.287261379464,212.43319372478,327.79903452771,741.17595260638,1316.4684976515,228.76771120873,620.09605250371,382.33260122863,635.07119261352,1103.5884506358,894.82634151083,1603.6348288214,570.19583237464,11649.770664632,1034.6698271084,80.012936622516,12763.021560036
2017-04-01 00:00:00+00:00,91.016007433583,367.05662353279,1158.260862294,1039.2052293074,120.05225264079,1208.2548166173,342.99168047805,155.46449341273,32.236180931302,62.60507415366,92.091399940704,85.661626872411,174.26317230998,66.937160197012,193.66607672898,305.93877354724,742.88226930631,1137.0613916396,234.72389707065,587.01112175894,396.58633909554,622.49735854427,1191.3930161443,897.1011768997,1658.4581621586,572.00279765261,11199.917590014,948.93400718044,44.322761018778,12193.819264167
2017-05-01 00:00:00+00:00,81.67628746961,290.78688879995,1272.4992676686,1160.3556972422,115.35331640278,1333.3304833938,381.80561541521,157.03060104044,34.567586124041,69.981959125672,102.24537729472,105.17098572933,189.74217889461,70.641659026398,216.42515725107,325.2526547789,733.63241734752,1157.8095649285,227.7858541517,604.42951605614,406.72436590852,628.67708214,1207.1217086669,900.77143562875,1694.0889045284,575.3760619507,11442.323217225,1011.4269431482,46.573035309045,12501.133178411
2017-06-01 00:00:00+00:00,68.065533020316,231.63095802222,1226.4198672376,1117.0058438183,112.3566036025,1247.093006797,334.60298663913,144.13107076835,28.380192535114,67.017442795772,100.71642118926,107.42654693531,180.72545441364,67.728645464072,212.94179310798,325.84285432174,694.91911763405,1070.0706444886,233.11092857698,590.98841545498,410.49594447426,635.95289343011,1217.4890505049,904.77077214467,1693.8958938061,579.27874592325,11118.875565645,990.11502076282,57.288421977608,12166.264634663
2017-07-01 00:00:00+00:00,69.719376382687,192.38456736861,1271.2149989008,1143.7226285241,128.94597069633,1223.5829814416,327.88043753999,139.54370542644,25.849582718664,70.637518415318,99.165068693662,99.669378086052,180.87393750339,69.79780989293,208.26182072165,343.86576657048,726.60244226387,1039.9325178571,233.22607700018,616.39685204903,404.48130761619,643.90117336385,1221.2386916431,910.99051004845,1259.269548825,578.82865269354,10708.124997542,980.46982284176,49.393685949396,11738.534794479
2017-08-01 00:00:00+00:00,56.497129063843,169.69503996664,1324.9325407777,1189.410207361,136.73777705149,1279.8244403398,340.39060942234,143.07211501656,28.160302191586,72.619525036193,103.83902813323,104.6723528944,192.36711336461,70.1340121089,223.55660175415,344.09403165358,750.65217958958,1048.7580810191,239.1232337006,632.75287427911,405.18649222365,644.83878267238,1191.2795344581,909.57982726859,1658.0698979198,580.56336460625,11200.696358647,1001.5869437703,61.355788567663,12263.393165045
2017-09-01 00:00:00+00:00,50.410145800306,178.79881391644,1298.1585505675,1168.3066650118,131.37514666514,1217.0849909678,318.25632950681,146.26017238214,28.700188933628,64.405106430497,99.600712717469,109.6357862061,174.43319558062,66.879764829227,205.62789440812,320.31877279783,686.25898245611,1027.9288014774,242.9821461108,615.95698938476,407.3523944497,643.34843845583,1193.7905797995,915.36267603588,1437.323790825,584.68524108868,10777.116986654,992.4074915588,47.864927860568,11818.10104731
2017-10-01 00:00:00+00:00,63.639246942801,271.00328077061,1372.0153925376,1224.8713815704,147.63108683057,1279.0444677582,345.74983952187,151.86377218012,33.462453937195,74.374919456322,91.306517598334,102.94991465559,181.83544544655,73.753935958895,222.40232734405,347.09193712954,805.8474234756,1056.313455582,247.49201748203,646.59137484283,435.18215698867,631.37688211934,1187.3833041134,925.05581848787,1675.6308943405,586.60126796327,11502.887991105,1005.6373036638,53.633479119457,12562.431249067
2017-11-01 00:00:00+00:00,59.33800093293,324.91875522865,1316.8141543338,1173.4947883615,143.5492805273,1344.8274270784,358.95223760379,165.17244646604,34.666210497666,72.010632251461,94.637224606709,98.416770038509,204.82819937131,77.347858758851,243.25136173635,355.52093000288,882.24529030788,1145.380655044,260.66943376036,654.17998097721,487.39427505362,634.65205708338,1317.9332795448,955.19367347793,1678.307626728,586.52291673423,12004.496143141,1087.8152340977,73.385122514876,13164.98100862
2017-12-01 00:00:00+00:00,48.495540148154,422.84600728295,1378.0278744283,1234.1075088174,144.84813904416,1346.3309012093,343.35474973554,177.41072277999,35.53979758102,73.007880641847,100.4130334509,107.11830071501,187.8620309045,70.478562143085,251.25957099402,370.12842855549,1072.9580965798,1412.2694455743,260.02211519541,655.92288947361,479.01358594813,653.08126830908,1272.8513210461,956.9787546016,1256.6179771616,586.38312493572,12190.853800462,1263.5767680247,70.380217084656,13525.289600545
2018-01-01 00:00:00+00:00,43.276285849696,633.83608311154,1237.1544369533,1119.2272857007,118.67236922389,1332.5763807876,374.26705192133,166.74972033251,32.880171073429,71.835813563273,105.82435832877,109.39200337711,179.6288400029,65.864839801474,215.48404990227,369.0452152839,681.437163985,1243.6839547202,251.62208589275,631.81023410913,442.86859993358,665.51396353579,1219.4414333965,947.7756920887,930.78041648792,574.7992419054,11239.501767135,977.15153812713,53.667660262272,12270.76768695
2018-02-01 00:00:00+00:00,50.219564705564,699.28934337983,1202.9382474059,1089.6184433177,113.97745389301,1222.8313766757,332.0185008254,163.59605769019,31.928728764269,69.530083981035,96.98016223651,98.227554358847,160.98324234732,65.308542838724,196.72155378919,333.28419104347,670.15679923208,1185.0047975925,244.1013052241,596.22779395574,390.41015702083,669.38294046386,1124.5245689636,926.67506272087,817.47604498125,573.03915834068,10754.177217104,949.68985163745,64.878416191023,11768.585347024
2018-03-01 00:00:00+00:00,107.19118216892,625.45763971034,1344.3886813004,1221.2332727186,123.71678470961,1367.6320088202,384.29846679472,174.48920514604,34.643833117603,73.562444020128,93.056673158587,112.74676189179,191.10956251055,71.867650317649,227.13636504105,352.00178361557,763.84554878665,1349.5201460505,240.15149117938,635.07299989462,398.24017241477,677.91720052474,1147.6930186514,925.38212737288,1680.2455430768,575.57964861949,12245.271227409,1072.1031004257,60.206943999298,13377.956011381
2018-04-01 00:00:00+00:00,93.757553967126,403.35448190735,1243.8523650713,1129.6888763003,114.69372551451,1386.1087452637,374.02925035232,194.45269721426,37.084187109548,72.580274837191,103.48240005841,107.49384314758,194.89647022939,71.729879768183,227.23164646422,330.8454103796,771.05297890112,1234.0629384615,244.2760257829,612.63011131975,419.06711362853,668.99227670272,1248.621089855,932.72059117786,1747.0880183849,577.42305438324,11939.391657589,1008.712049639,59.49588186169,13008.174072909
2018-05-01 00:00:00+00:00,88.883046638509,294.90862083032,1374.4878299225,1252.9439422798,121.90047340091,1393.0043512488,389.3559868476,196.90699007075,33.883089203999,72.329394583977,107.83233788084,94.852635941518,188.06824123626,70.793453951364,231.89938570839,341.2032337788,757.02401460811,1192.2969390209,236.26119462481,625.43744370728,421.20982649572,678.73846773805,1260.9578091658,936.79986630212,1769.6092102145,580.64269953917,11955.223262187,1054.76053394,71.103357764488,13080.952693089
2018-06-01 00:00:00+00:00,69.45869469727,233.62106907164,1305.7336028548,1185.4992489509,120.81043635451,1351.9417192518,364.60926823419,182.35966710889,30.892591255839,73.15088467496,104.80492340523,103.01034094842,191.42304705881,70.583482957565,227.00562936855,341.75051599014,732.10931844286,1120.7079236043,236.9508377461,611.41293244489,421.38125572574,678.03679883058,1240.5199821015,942.44262516393,1742.8602655564,584.47137571564,11606.342410411,1035.2872535701,70.710342283842,12712.07483671
2018-07-01 00:00:00+00:00,69.27967944663,189.47428903837,1332.4981816598,1209.0358357168,124.08822074648,1283.5448342332,343.45783800399,155.68769239693,26.534589086083,72.610138289515,105.00452760769,105.89720062515,185.30461756233,70.824171044279,213.4540107361,361.71170511056,763.85809580326,1056.0635084409,237.60516921219,625.57268184623,413.86929484016,679.00372966083,1222.8733022038,945.05697916763,1319.2109287394,584.27698873774,11071.454496907,1008.9531107719,67.281759599357,12147.30365856
2018-08-01 00:00:00+00:00,61.810758358288,167.2187564804,1274.9458342797,1140.4479758244,135.91104850912,1343.3738484928,352.71305874065,155.49928234199,28.285725059435,76.191066551238,106.66085015577,113.23204316538,205.96420871621,75.312112321995,229.59262346874,341.66889595929,771.08262796285,1108.1590696912,240.43529419069,648.89307705695,417.62779527939,686.88847204361,1205.8759423739,945.48456212357,1726.3425031975,585.84114711492,11510.209038913,1041.0517087122,51.551126425687,12603.130965629
2018-09-01 00:00:00+00:00,49.807583390112,167.58361229689,1293.8304254391,1152.37183412,143.13991036765,1195.2634382416,301.56489198692,155.86069938009,25.230508717658,64.094175195248,101.98231099582,104.84189555156,178.23296464142,63.30058956305,198.01566671779,331.77918003034,691.56582970433,1035.4107023012,245.47168846686,630.45061952518,422.28554259611,676.71315441834,1224.4122509868,951.54463804729,1508.8803456243,592.31078074944,10993.73573321,1017.1718205371,54.356461394254,12065.234311037
2018-10-01 00:00:00+00:00,70.472632551539,276.19636465832,1252.971849342,1105.4204143637,149.70504592614,1401.3951367583,380.44017830892,169.4239395474,32.819851685881,81.119754279571,103.90547122543,103.387529691,211.65952248153,80.976932081722,239.31609167033,370.73632219866,821.76112406744,1137.0536955872,252.06122904546,683.65862842644,446.3028081465,679.70052799979,1219.5169526727,956.87797660565,1751.9147747746,593.63438493754,11914.779869798,1058.9411105438,65.458474539456,13039.191570004
2018-11-01 00:00:00+00:00,66.980529356824,326.27730168268,1390.4616869794,1247.9063617353,143.89114670017,1359.2343191824,363.20118974631,177.72594091681,31.539414703324,73.811822614802,102.25973939469,91.640687026077,205.33016835353,73.120664944083,243.69205025653,375.64897047247,902.45123488337,1137.4374587103,268.39863249877,679.16657185782,494.01659457965,685.38455624567,1343.130348141,991.60721042456,1764.582381535,594.53290552646,12376.351350926,1103.5522208392,67.583355031097,13547.491130777
2018-12-01 00:00:00+00:00,49.440381526733,436.73387775697,1426.7975586031,1287.4619800137,140.36077598809,1405.8807700171,362.70763207267,191.95419858857,33.219845809723,73.210113595261,110.0382877906,113.55368652768,195.50005169416,70.013374768459,253.1924927205,377.20728040189,1105.220144968,1431.3349234384,266.50496355955,681.09713515075,483.6968383325,705.93716449939,1308.9676396524,997.20516731453,1311.578026587,594.82352408935,12599.86102036,1291.9188455374,58.750860689468,13949.805826169
2019-01-01 00:00:00+00:00,48.765610259845,631.33345255667,1187.7570625061,1082.919078368,106.09719105903,1363.9456006963,368.80939491843,169.23360409366,29.613914787376,73.246298746846,106.7003258572,124.36198516705,191.43707482057,68.926198505345,225.60546657998,368.60512002965,696.52516191133,1263.6200058192,256.17817924078,657.72836945654,450.01254271002,718.70532991979,1246.9165184925,982.00408680676,967.67730216098,585.92875317527,11420.985093536,1000.1212629127,69.213777743023,12489.75578721
2019-02-01 00:00:00+00:00,58.297266883175,682.02183124815,1097.9246151934,1001.7834202246,97.329705873425,1253.5213086646,345.96495105895,163.84273206804,28.102751096103,65.205582541421,96.856509423766,109.57288567904,172.09150103197,61.646758274705,202.7655816808,324.1396435235,693.80105178922,1206.36305723,248.79875462724,621.88057403576,397.41608374682,723.30612415187,1163.0178318161,961.56309344825,850.03752709063,584.31455131284,10874.558834593,972.74496044222,47.549164954025,11895.236418879
2019-03-01 00:00:00+00:00,98.946338704315,604.29363504875,1274.8489958031,1166.2929758027,110.03443971725,1378.6918241473,398.30986918674,168.01753632957,32.092300058686,72.232459815094,97.374140287949,114.12556905262,191.65340296681,71.28481035913,230.84322021521,345.90978814823,794.24489866238,1361.4639889674,245.50037395462,656.66344143643,401.70159896211,720.46890004775,1192.8191750102,959.99460460538,1747.2268512159,588.90714405006,12403.497290216,1100.5277381302,68.333463877357,13572.139770568
2019-04-01 00:00:00+00:00,103.96706952481,380.63650871754,1238.2750979094,1124.2093176067,115.22610116024,1367.9257159552,368.52933914359,178.45910907301,32.833993845753,73.133623599537,102.85008695065,112.21865104889,195.2535073609,66.221346136262,236.07476509441,321.69157935612,806.13590401669,1246.7789851666,252.56299982314,644.68050169499,418.25214665664,712.76162870376,1267.7042685128,970.80406506055,1815.1768921156,592.11257950006,12169.245361359,1030.7234211176,52.336191855466,13252.33088658
2019-05-01 00:00:00+00:00,86.316483469912,285.81667741146,1317.1247602112,1205.3726061969,113.29250627244,1405.854112118,374.68433889654,177.04951821253,31.764716932759,72.142111328865,107.36446685554,127.59465831229,205.23186869155,67.663031480738,240.4559716057,341.24725841786,791.9432749181,1215.502493635,245.88962213125,645.94540105024,425.68362217249,711.95089334056,1295.4753393946,973.86381220085,1850.5244900713,596.16678100053,12210.045637547,1091.8546526196,58.705428863581,13360.811931578
2019-06-01 00:00:00+00:00,76.532420230791,224.06483441511,1276.999944433,1157.0923549312,121.03148553313,1318.2550602951,349.60958339,167.62083679344,26.65753369229,69.336746973567,100.69596012928,115.30868640371,189.25981955119,65.271874265652,231.90725813794,355.98608930696,772.24723044732,1108.0087460264,250.41113835881,637.86886914527,427.85381363915,714.34459299335,1300.9876603385,977.29983961986,1738.3152809773,600.81454926309,11795.595479543,1049.3620526963,40.62449733784,12886.41069674
2019-07-01 00:00:00+00:00,77.282006994337,197.69687356592,1298.1079196407,1166.9068536443,132.04588123807,1350.3499304545,365.47629720801,152.7562536892,24.927836883072,72.536511034818,106.70788447822,118.33711226656,200.77172759144,71.895468130664,234.2187367844,349.97496549795,810.08314914136,1082.2420329697,253.20529441699,660.64179346501,427.380052912,713.1058662253,1289.6960429066,972.29418022321,1339.6426778256,600.65754629525,11428.38076792,1038.5926382611,52.902253397045,12520.280396439
2019-08-01 00:00:00+00:00,55.893023743155,167.07684072096,1348.1502814987,1216.9234772793,132.26504707874,1342.952681707,353.20815174535,154.88865660245,25.624258944528,72.84014609562,107.71952907813,120.02040338259,201.51024519378,73.32293591253,232.19438304309,358.78032311246,818.88175943315,1114.9695802374,254.57964048364,677.71032822255,422.7584629306,721.69415060162,1252.7378265117,967.4083578672,1837.3917795665,602.60648442936,11955.809999415,1074.850117986,54.139916180572,13085.184891087
2019-09-01 00:00:00+00:00,49.728800516903,168.82490949591,1295.8227149119,1156.5600737134,139.84088336019,1233.7919861102,313.79743105587,153.85311107089,23.170046827453,62.535859060551,98.953622617439,116.11809650281,182.96673777881,66.087547391289,214.95869038336,338.62884835703,743.22592405349,1066.924359353,258.5446279669,653.8510277268,431.77459000595,717.50568839301,1260.4800651061,969.20678031059,1593.5925364609,605.87609157895,11388.471706867,1030.5984334958,40.635741046394,12460.57971112
2019-10-01 00:00:00+00:00,63.763867256801,267.50152736605,1281.5823994887,1139.7393154561,142.28356085725,1320.366405702,340.41747156791,162.19482440475,25.227168530143,71.74662353403,96.472901539492,116.61167860066,199.3949756916,78.00240984975,235.63587541558,355.10631064881,862.0217510973,1040.0445572333,235.57477761511,635.39321036297,429.46391668268,715.67918539583,1218.5616552801,954.00398961606,1561.3112224211,606.30844416012,11555.210585514,993.08788702092,53.340775767775,12601.621131428
2019-11-01 00:00:00+00:00,55.851047695483,320.49659363702,1279.5104843161,1137.5543943809,142.38491173307,1367.4026647622,358.03705344857,176.33696605071,24.372413313668,70.142166649862,97.933995435358,115.49235397247,211.55908177967,76.635933835437,242.28777549155,359.23524641684,948.01913931866,1066.5742744477,247.22543447535,649.43540471782,502.92929579459,723.46031237662,1339.6266711031,985.22939444424,1460.5897992518,606.84071812056,11906.996522111,1053.0491533863,47.707756780391,13008.263301122
2019-12-01 00:00:00+00:00,56.157513972418,431.19883914963,1426.6469189283,1263.9116102841,163.07102813174,1436.279219125,363.46918324651,188.66418785452,29.185426682437,74.032351932404,105.82461878361,122.34246725625,209.52175580799,73.872276155196,273.32706386135,373.85257599375,1160.605956422,1419.5484651847,261.38986193444,681.89100552502,500.95635361444,751.17033035599,1341.9143787204,991.4871312489,1262.1723610848,612.90518444544,12714.214218186,1281.1428184367,60.680978610746,14057.367657493
2020-01-01 00:00:00+00:00,51.887766617685,604.13175841551,1225.5022267591,1090.1138835373,135.73431367441,1371.5128788894,389.20394903196,159.27477933079,27.394566121779,67.406589487519,102.84093957198,111.96712586617,207.49311512913,71.321677929428,231.16109111281,368.88890565578,730.78027201677,1267.4593708985,258.02513786219,670.29914212287,453.18503931799,761.3864532286,1274.7951754772,999.64272230124,961.08598567451,610.76852647573,11580.100037406,1022.921729118,70.097540971439,12671.810798912
2020-02-01 00:00:00+00:00,62.511364581465,659.79994398097,1224.3360623064,1102.5774153056,122.61001719944,1289.9798846234,381.49861770124,153.81625371937,24.412005748818,64.149557647711,97.741712470489,106.46422044821,177.70357010014,63.672885064512,209.28955493924,339.46639332849,733.78635027368,1251.5158779251,259.507321368,639.46329642491,404.91899389856,763.42929125288,1185.321803691,979.47411073797,858.72044113048,610.31326977683,11244.794485088,1000.6932033954,45.290825582745,12291.907909225
2020-03-01 00:00:00+00:00,78.2320009571,582.13905642237,1299.0343031456,1179.4341652436,120.86257649631,1358.5599959768,397.76558838346,149.19652343943,21.37187805957,65.771316392955,100.32580173769,103.52651615711,213.02895149061,67.756099002705,234.18175731559,349.90081682662,844.23563429012,1265.2685324525,182.91803224286,563.75020092871,407.53053746068,767.6360318348,1218.7471413924,965.6475309291,1528.7437473099,612.35125173198,12037.99765946,987.38046354552,76.089192726922,13101.143551977
2020-04-01 00:00:00+00:00,103.92893715903,363.14138573962,1244.8676671047,1120.0223548002,125.67182156848,1238.092032791,371.65436416931,141.42514646116,13.877429571799,56.171219419108,102.10775377194,70.936100577715,189.71571590794,57.78712380952,218.32891711082,310.49861073701,719.8146868132,966.73133006109,123.96478114761,427.83094855474,421.13209934763,744.84455251889,1198.0160318115,929.1868488327,1131.7476888459,608.80697295457,10499.669741692,810.93754317585,44.348567626913,11358.047301966
2020-05-01 00:00:00+00:00,76.969139729075,264.42932572304,1338.8686159816,1214.8581832085,125.28375858113,1196.8689507022,361.86718352368,141.05922582089,13.26640273611,57.127900156576,96.140302892111,77.89328053087,176.89531117595,53.964582242605,201.91947480855,328.45556538073,647.73264786186,932.05061576424,109.89531245432,424.64144216764,407.58931895731,735.05771046126,1128.8415573165,908.92212354163,1312.8005697886,609.51185808232,10386.765535107,852.60026867154,46.141756097294,11287.388166579
2020-06-01 00:00:00+00:00,66.635771578761,211.97704087946,1307.6142011403,1190.1262390672,118.86744917868,1175.4842070486,350.33884925988,138.53557405834,15.680378232199,60.823543094149,95.390928512502,57.772640404441,188.34023325845,46.975365986249,205.72622301445,346.81884531242,514.40732229271,929.86222737331,124.79347719175,428.58757463098,408.47829039151,725.7194913632,1140.2336325759,921.01326494878,1366.5231180803,613.03074823499,10244.299009597,846.52112901906,39.441900216283,11132.689184852
2020-07-01 00:00:00+00:00,70.721465880973,188.33191771364,1324.9280016941,1195.2052466402,130.72047672332,1238.1032864048,369.57093443169,137.1930398004,16.402124812912,67.608184966638,107.19088207368,60.978114184634,195.4772899696,53.427885743541,212.79598090146,349.93875339382,546.13308287568,971.7971667254,122.61977542882,441.54917436542,425.22432025036,715.08090553607,1131.1265153262,911.75822249059,1165.6688779291,615.63991623473,10161.455741196,882.64370299342,64.058043344586,11107.00030098
2020-08-01 00:00:00+00:00,61.471229830154,158.67781025641,1308.6427275913,1170.5591259394,138.69614322761,1251.6308488592,348.25232768811,145.26526737117,18.133657540681,69.505835466256,100.89400040534,69.617519725265,205.74056011384,62.068605732906,224.42434201211,349.02136171677,563.90673666089,1128.8525105001,148.14501668178,471.89183560167,407.01418896292,711.57568647545,1107.3290520102,919.29891608012,1404.5696199565,617.35719282401,10575.440434956,1028.4507667404,36.717946195341,11640.722548955
2020-09-01 00:00:00+00:00,46.887223426027,169.74617068153,1269.4186825043,1142.3649417647,127.90605525244,1278.8268013982,334.31103613054,154.59372866944,20.60591329314,70.775658242964,101.93637965858,99.667402061284,208.54620617774,66.737268696726,221.8599823793,341.8234999253,568.93063330509,1164.2107908241,164.60177362785,509.56591142412,439.25403260309,720.98029420749,1275.4613571226,948.45460162714,1312.0533365264,619.80151190207,10784.982892293,1029.8628984765,42.762226377502,11857.479924482
2013-01-01 00:00:00+00:00,45.492189821141,555.87549794632,1201.1280338643,1061.6565397934,139.4714940709,1272.2652417066,331.21595683778,171.18070204302,31.080562182003,62.929710976454,101.58410736632,99.887991029615,184.97621335788,72.009090975145,217.40090693838,313.89788207768,622.60101845411,1032.3161948913,209.19671597625,536.72742017522,369.93506988153,571.86664204475,1231.8549769133,821.08563214305,762.08751542239,506.965418067,10053.295449385,864.42164379785,59.421462646269,10977.138555829
2013-02-01 00:00:00+00:00,42.844027469745,622.14925833906,1081.706167591,956.01378436591,125.69238322515,1174.2931694461,330.79540383428,165.00021322972,29.821681593528,59.444917589706,90.358937551183,89.253381140786,149.51962544117,68.024593817806,192.0744152479,292.16783267768,621.73040948483,998.67921742922,205.02410615776,516.09861849866,321.33969149017,573.74473295775,1113.1402761169,799.78973709049,666.77663476529,509.75783452901,9539.2417140438,818.66695695056,44.389013994709,10402.297684989
